GeneId,Prediction
1,0.387743
2,0.655317
3,1.106122
4,0.093293
5,0.099833
6,0.900414
7,-0.011216
8,-0.089843
9,0.868967
10,-0.102960
11,0.868195
12,0.888971
13,0.008079
14,0.646800
15,0.713621
16,0.955182
17,0.504646
18,0.905807
19,1.044083
20,0.591546
21,0.554823
22,0.192711
23,0.951646
24,-0.081658
25,0.166262
26,0.990614
27,-0.202051
28,0.505825
29,0.302985
30,1.141693
31,0.746091
32,-0.031272
33,0.082155
34,1.017239
35,0.673655
36,0.201456
37,0.223009
38,0.078279
39,0.490181
40,-0.093561
41,0.592708
42,0.542632
43,1.014905
44,0.574375
45,1.113465
46,1.039332
47,0.609202
48,0.982432
49,1.025620
50,0.333376
51,1.137086
52,0.437234
53,0.858358
54,1.016548
55,1.120341
56,1.092575
57,-0.078820
58,0.709854
59,0.750747
60,0.916840
61,0.632789
62,0.067348
63,0.571915
64,0.947753
65,0.092068
66,0.638092
67,1.010917
68,0.186107
69,0.827899
70,1.030884
71,-0.103731
72,0.424541
73,-0.078496
74,0.511360
75,0.147603
76,0.156424
77,0.131140
78,1.067240
79,0.668533
80,0.899899
81,1.095076
82,0.131538
83,0.990464
84,0.923484
85,0.920128
86,0.990267
87,1.083764
88,-0.109809
89,1.102235
90,-0.125039
91,0.790630
92,0.144277
93,0.111222
94,0.552997
95,1.016682
96,1.012269
97,0.714639
98,1.035527
99,0.761318
100,0.401600
101,0.981940
102,0.917249
103,1.024936
104,0.714537
105,0.350901
106,1.018076
107,1.020647
108,0.927988
109,0.760558
110,0.599610
111,-0.031121
112,0.862846
113,1.075500
114,0.757309
115,0.797145
116,0.221608
117,0.820101
118,0.989858
119,-0.049058
120,0.978023
121,0.000252
122,1.052529
123,-0.112555
124,0.897513
125,0.827630
126,0.754936
127,0.543869
128,-0.137794
129,1.026908
130,0.713956
131,-0.050731
132,0.269931
133,0.996039
134,0.083117
135,-0.077186
136,0.295856
137,0.841901
138,0.914048
139,0.609021
140,0.232322
141,0.921143
142,0.996224
143,0.423076
144,0.136520
145,1.009148
146,0.733740
147,0.850564
148,0.745319
149,0.876439
150,0.817421
151,0.882064
152,0.086593
153,0.914387
154,0.646127
155,0.284523
156,0.989777
157,1.097140
158,1.065080
159,0.834115
160,1.113033
161,0.124188
162,1.128476
163,1.090884
164,0.148406
165,0.927573
166,-0.087670
167,1.107555
168,0.625954
169,0.266184
170,0.611542
171,0.077313
172,0.126057
173,0.538740
174,0.984798
175,0.931538
176,0.782109
177,0.844578
178,0.746483
179,0.134092
180,-0.002496
181,0.302362
182,-0.043029
183,0.813180
184,0.965175
185,0.923086
186,0.744308
187,0.974287
188,1.136790
189,1.091639
190,1.023572
191,0.663445
192,0.943728
193,0.180409
194,0.034039
195,0.721246
196,0.697314
197,0.516156
198,1.007967
199,0.276442
200,1.050555
201,1.014856
202,-0.030390
203,0.133002
204,-0.007908
205,0.098630
206,0.994570
207,0.946930
208,1.079032
209,0.237272
210,0.964371
211,-0.128211
212,-0.069161
213,1.101773
214,1.086425
215,0.638180
216,0.223026
217,0.091994
218,0.502527
219,0.313558
220,0.083207
221,0.853125
222,1.121923
223,0.919013
224,0.565690
225,-0.050597
226,0.772954
227,0.527100
228,0.156758
229,-0.049353
230,0.103991
231,0.861973
232,-0.032078
233,1.043326
234,-0.026283
235,0.997983
236,0.275508
237,0.039766
238,0.947561
239,0.436640
240,-0.018800
241,0.010779
242,1.020156
243,0.869976
244,0.995504
245,0.716944
246,1.013979
247,0.849550
248,1.013756
249,0.810640
250,1.165279
251,0.782376
252,0.019143
253,0.024142
254,0.142378
255,0.671597
256,0.138589
257,0.850023
258,0.342052
259,0.641446
260,0.855495
261,0.206970
262,0.855005
263,1.038695
264,0.809728
265,0.479315
266,1.058827
267,0.913234
268,0.179280
269,0.960082
270,0.073096
271,0.787654
272,0.012355
273,0.686006
274,0.887046
275,-0.110913
276,1.105304
277,0.482007
278,1.127618
279,0.898345
280,-0.116868
281,0.923980
282,0.550036
283,-0.074581
284,0.618844
285,1.087201
286,1.053165
287,0.385023
288,0.012298
289,-0.057510
290,-0.101152
291,-0.154893
292,0.930030
293,-0.074202
294,0.028424
295,0.042489
296,0.837131
297,0.967510
298,0.716132
299,1.125750
300,0.667736
301,0.151062
302,1.012545
303,0.786378
304,0.631745
305,0.297071
306,-0.001434
307,1.094516
308,0.946556
309,0.485867
310,0.424313
311,1.119440
312,0.730350
313,0.841206
314,0.081793
315,0.214818
316,0.809913
317,1.069322
318,1.066945
319,1.012364
320,0.122611
321,0.758513
322,0.911318
323,0.433598
324,0.504908
325,0.823707
326,0.866966
327,0.088820
328,1.069725
329,0.634580
330,1.028804
331,1.026396
332,0.976377
333,-0.086536
334,0.018951
335,0.132606
336,1.048928
337,1.045209
338,1.070561
339,0.521121
340,0.745486
341,0.982606
342,0.344510
343,0.228787
344,0.124440
345,1.077500
346,1.110527
347,1.063353
348,-0.067950
349,0.191068
350,0.930106
351,-0.031215
352,0.374880
353,0.530335
354,1.039487
355,0.152670
356,0.124572
357,0.510610
358,1.059587
359,1.071357
360,1.012412
361,0.355344
362,1.113141
363,0.046435
364,0.390660
365,0.044737
366,1.071075
367,1.136705
368,0.006514
369,0.429190
370,0.310757
371,0.822215
372,-0.000811
373,0.040996
374,0.988051
375,0.304221
376,0.404413
377,0.968847
378,0.414577
379,0.030954
380,-0.051263
381,0.882392
382,0.316838
383,0.140426
384,0.000957
385,0.865316
386,0.086077
387,0.984866
388,1.010521
389,0.822599
390,0.887536
391,0.977764
392,0.970409
393,0.773383
394,-0.040862
395,0.074501
396,0.957538
397,0.857950
398,0.602835
399,1.136049
400,1.076968
401,0.910646
402,0.913978
403,0.884609
404,0.244456
405,0.312550
406,1.136331
407,1.198571
408,0.504291
409,1.189222
410,0.993895
411,0.263307
412,0.989113
413,-0.016734
414,-0.024446
415,0.793338
416,1.046512
417,0.744931
418,-0.038050
419,1.072809
420,0.529110
421,0.032836
422,0.035588
423,0.856264
424,0.882875
425,0.288818
426,0.081107
427,-0.034114
428,0.931810
429,0.146461
430,0.981372
431,0.654288
432,0.967681
433,0.849391
434,1.070929
435,0.494600
436,0.877513
437,0.870739
438,0.531658
439,1.092350
440,0.027367
441,0.177646
442,1.027441
443,1.038799
444,1.093976
445,0.873436
446,0.087819
447,1.137012
448,1.068857
449,0.838082
450,0.803405
451,0.010494
452,0.484243
453,0.900721
454,0.074905
455,0.898897
456,0.755171
457,1.009480
458,0.817750
459,0.921632
460,0.712973
461,0.329256
462,0.076455
463,-0.091501
464,0.820014
465,0.806714
466,0.931126
467,0.619333
468,0.221448
469,0.787659
470,1.038998
471,0.934539
472,0.778731
473,0.977913
474,-0.013310
475,0.212921
476,1.075961
477,-0.089830
478,0.075805
479,0.013419
480,0.260633
481,0.046889
482,1.009999
483,-0.023996
484,1.057365
485,0.133833
486,0.661930
487,0.504144
488,0.153839
489,0.848602
490,0.715979
491,0.183370
492,0.267487
493,0.935697
494,0.891239
495,0.716030
496,0.127920
497,0.858090
498,0.025884
499,0.571731
500,0.885778
501,0.747160
502,0.035883
503,0.507675
504,-0.023187
505,1.012471
506,0.194221
507,0.131715
508,0.950935
509,0.990239
510,-0.079918
511,0.989196
512,0.324827
513,0.733106
514,0.018652
515,-0.132327
516,1.013115
517,1.063644
518,0.478762
519,0.929963
520,0.085364
521,0.666305
522,0.050884
523,1.064376
524,1.080717
525,1.071098
526,0.788172
527,0.361772
528,1.095609
529,0.567144
530,0.037896
531,0.781423
532,0.722961
533,0.799354
534,0.031020
535,0.957068
536,0.802678
537,1.051845
538,0.087158
539,1.041537
540,0.491980
541,-0.065288
542,0.828575
543,-0.085259
544,0.561611
545,-0.004189
546,1.122635
547,1.047809
548,0.339614
549,1.010054
550,0.244412
551,0.943076
552,0.004195
553,0.001380
554,0.931788
555,0.735692
556,0.789915
557,0.362713
558,0.002696
559,1.051054
560,1.174534
561,0.973003
562,0.942384
563,0.706060
564,0.414800
565,0.534362
566,1.076773
567,0.867207
568,1.058979
569,0.994732
570,0.154885
571,0.744505
572,0.534021
573,-0.075842
574,0.076796
575,0.137100
576,0.866804
577,1.080236
578,1.063206
579,0.610774
580,0.389957
581,-0.112952
582,0.836228
583,0.952508
584,0.622222
585,-0.014737
586,-0.013156
587,0.357017
588,0.783355
589,1.068541
590,0.824443
591,-0.024598
592,0.691285
593,0.442949
594,0.872309
595,-0.118825
596,0.297966
597,0.544954
598,0.827233
599,1.106277
600,0.617907
601,1.117845
602,1.139409
603,0.750222
604,0.233353
605,0.910317
606,0.821595
607,1.015677
608,-0.077427
609,0.660036
610,1.051180
611,1.087484
612,0.034638
613,1.093047
614,0.861414
615,0.191731
616,0.004613
617,-0.067148
618,-0.016244
619,-0.085845
620,0.900917
621,0.122299
622,1.110041
623,0.678475
624,0.093262
625,0.023047
626,-0.053996
627,1.133269
628,0.850445
629,0.857571
630,-0.060772
631,1.132509
632,0.517947
633,0.820175
634,-0.037668
635,0.374067
636,1.134696
637,0.756206
638,0.170506
639,-0.031572
640,0.985960
641,1.037797
642,0.794132
643,0.016789
644,0.631202
645,0.991848
646,0.850673
647,-0.095976
648,-0.062739
649,0.059314
650,0.901217
651,1.051953
652,0.242061
653,1.050965
654,0.038519
655,0.958309
656,-0.064538
657,0.829512
658,1.118657
659,0.589130
660,1.020338
661,0.643651
662,0.933928
663,1.081014
664,0.209752
665,0.968961
666,0.795780
667,0.695405
668,0.014593
669,0.724195
670,0.373472
671,0.896811
672,0.541307
673,0.938881
674,0.777920
675,0.935274
676,0.945757
677,0.957801
678,0.766000
679,0.912730
680,1.106940
681,-0.091480
682,0.235947
683,0.889915
684,0.903517
685,1.054441
686,0.495410
687,0.731576
688,1.040086
689,1.039388
690,0.869084
691,0.385183
692,0.576060
693,0.938005
694,-0.106427
695,1.132614
696,0.793960
697,0.501335
698,0.995448
699,0.990276
700,1.078081
701,0.025556
702,0.981993
703,0.740493
704,0.610798
705,0.939992
706,0.101455
707,0.040298
708,0.850309
709,0.356397
710,0.258905
711,0.025812
712,0.071782
713,0.094775
714,0.031819
715,1.023968
716,0.912883
717,1.051359
718,0.203216
719,0.944451
720,0.948034
721,0.456268
722,1.113929
723,0.046923
724,0.231304
725,0.951779
726,1.057445
727,0.989004
728,0.485009
729,0.722190
730,1.126328
731,1.052251
732,0.895507
733,0.741416
734,0.039398
735,0.498208
736,0.448089
737,0.822367
738,0.510690
739,-0.058621
740,0.939480
741,0.470831
742,0.939438
743,0.293853
744,-0.076934
745,0.047137
746,0.851759
747,1.063081
748,0.468887
749,0.230675
750,1.162604
751,0.106668
752,0.256896
753,0.445186
754,1.067800
755,0.824716
756,1.108455
757,1.081991
758,0.970881
759,1.079759
760,0.694826
761,1.028802
762,1.074102
763,0.148159
764,0.913027
765,-0.001502
766,1.003706
767,1.000461
768,0.526910
769,0.745546
770,1.004940
771,0.094547
772,0.702668
773,0.055033
774,1.004748
775,0.100828
776,1.012497
777,0.788306
778,0.115467
779,-0.030273
780,1.040261
781,-0.103564
782,-0.090577
783,0.702159
784,1.027092
785,0.995395
786,0.772731
787,0.151936
788,0.247376
789,-0.089139
790,0.073413
791,0.643763
792,0.019636
793,0.852265
794,0.912517
795,-0.048163
796,0.023606
797,1.039959
798,0.775656
799,0.932649
800,0.878076
801,0.266498
802,0.872373
803,0.747134
804,0.811664
805,0.935217
806,1.119746
807,0.800601
808,1.032484
809,0.909336
810,0.864709
811,1.000908
812,0.823552
813,0.809805
814,0.987930
815,0.750502
816,0.965071
817,0.725235
818,1.065709
819,0.293400
820,0.919729
821,0.602966
822,0.043532
823,0.849332
824,0.106170
825,1.063226
826,1.067270
827,0.338698
828,1.100318
829,0.845177
830,0.823179
831,0.764488
832,0.804928
833,0.834403
834,0.188734
835,0.781880
836,1.135993
837,1.061462
838,0.092917
839,0.837487
840,0.265764
841,1.069989
842,1.047945
843,0.824361
844,0.158784
845,0.540341
846,-0.013015
847,-0.052557
848,0.004541
849,0.844257
850,0.495848
851,1.015978
852,0.029350
853,0.289552
854,0.196027
855,0.615211
856,0.718250
857,0.986231
858,0.231561
859,-0.052883
860,0.041702
861,0.878889
862,0.892896
863,0.998136
864,1.091414
865,0.688293
866,1.015210
867,0.565058
868,0.082167
869,0.039547
870,-0.074808
871,0.032536
872,0.930789
873,1.110786
874,0.569706
875,0.187742
876,0.605033
877,0.822055
878,1.005998
879,1.082237
880,0.605966
881,0.019693
882,0.854464
883,0.923434
884,0.894061
885,-0.071492
886,0.993230
887,0.007309
888,0.999402
889,0.708709
890,0.346719
891,0.662763
892,0.150799
893,0.063993
894,0.102707
895,0.727052
896,1.025141
897,0.905023
898,0.777176
899,0.837343
900,0.658596
901,1.048211
902,0.487748
903,0.875512
904,0.286960
905,0.819340
906,1.135414
907,0.364091
908,0.792230
909,-0.030115
910,1.098794
911,1.062674
912,-0.072274
913,0.002141
914,0.061532
915,0.320583
916,1.072859
917,0.050316
918,0.536138
919,0.051698
920,0.058637
921,-0.094806
922,1.052930
923,0.518606
924,0.876934
925,-0.035948
926,-0.153694
927,0.971951
928,0.740003
929,1.124962
930,1.043271
931,1.076187
932,0.545270
933,1.056590
934,0.572284
935,0.858210
936,0.818693
937,0.760354
938,1.005848
939,1.103352
940,0.945374
941,0.582456
942,0.975504
943,0.143126
944,1.005348
945,0.161904
946,0.757438
947,0.801994
948,1.115212
949,0.700287
950,0.192325
951,-0.080754
952,1.079822
953,0.134279
954,0.241052
955,0.976785
956,1.083341
957,0.150841
958,0.613963
959,1.103751
960,0.955980
961,0.960021
962,0.995523
963,1.015437
964,0.075993
965,0.023924
966,0.196490
967,-0.010259
968,0.065445
969,0.738831
970,0.735921
971,0.035831
972,-0.019323
973,0.334632
974,1.013839
975,0.033896
976,0.194599
977,0.111370
978,0.943291
979,0.060797
980,0.087907
981,0.527480
982,-0.013066
983,-0.086066
984,0.030491
985,0.722735
986,-0.030038
987,1.134348
988,0.920558
989,0.705223
990,0.812200
991,0.825804
992,0.723462
993,0.933941
994,1.043730
995,0.041117
996,0.711480
997,0.104980
998,0.907740
999,0.934204
1000,1.076658
1001,0.129943
1002,0.396381
1003,0.122877
1004,-0.063292
1005,0.084657
1006,0.069178
1007,0.406453
1008,0.415749
1009,0.902242
1010,0.982315
1011,1.063532
1012,0.538370
1013,0.653659
1014,-0.015973
1015,1.129074
1016,-0.014625
1017,0.051889
1018,-0.018849
1019,0.139005
1020,0.859688
1021,1.045161
1022,1.068957
1023,0.745954
1024,0.882056
1025,1.038549
1026,1.042741
1027,-0.050718
1028,0.190619
1029,0.867065
1030,0.701831
1031,0.101928
1032,0.005986
1033,0.888063
1034,0.792425
1035,0.689711
1036,0.052023
1037,0.851226
1038,0.564997
1039,0.984382
1040,0.997081
1041,-0.148354
1042,0.798111
1043,0.441754
1044,0.925731
1045,1.111009
1046,0.579548
1047,1.092721
1048,0.721783
1049,0.048023
1050,0.641752
1051,-0.054426
1052,0.964476
1053,1.028013
1054,0.088529
1055,0.313225
1056,0.820366
1057,0.813894
1058,-0.019524
1059,0.137922
1060,0.196228
1061,-0.089768
1062,0.890139
1063,0.796990
1064,1.017368
1065,0.111939
1066,0.659543
1067,0.125385
1068,0.619726
1069,0.819825
1070,0.048868
1071,0.862505
1072,-0.022617
1073,1.091397
1074,0.838930
1075,1.001193
1076,1.052646
1077,0.031425
1078,1.046847
1079,0.377488
1080,0.412525
1081,-0.111628
1082,0.734049
1083,0.960056
1084,0.708865
1085,0.152512
1086,0.158194
1087,-0.040796
1088,0.061998
1089,0.675488
1090,0.153425
1091,0.816179
1092,0.358933
1093,0.729923
1094,0.957312
1095,0.033508
1096,0.979555
1097,1.177903
1098,0.782115
1099,-0.174563
1100,0.235186
1101,0.289235
1102,0.341478
1103,-0.002560
1104,0.728565
1105,0.509954
1106,0.767274
1107,1.001036
1108,0.048474
1109,0.704076
1110,0.874207
1111,1.102002
1112,1.098244
1113,0.641863
1114,0.465774
1115,0.930521
1116,0.789736
1117,0.292526
1118,0.125462
1119,0.945369
1120,0.431538
1121,0.028472
1122,-0.230463
1123,0.042779
1124,0.057692
1125,0.582746
1126,1.036287
1127,0.543513
1128,0.746723
1129,1.148788
1130,1.156565
1131,0.810765
1132,0.970824
1133,0.610707
1134,0.778071
1135,-0.007917
1136,1.080039
1137,0.284925
1138,0.780098
1139,-0.088114
1140,0.629975
1141,0.742744
1142,0.895762
1143,0.950294
1144,-0.062209
1145,1.069069
1146,0.409065
1147,0.469517
1148,1.046613
1149,0.520206
1150,0.109089
1151,0.480961
1152,0.316485
1153,0.856892
1154,0.755171
1155,1.078835
1156,0.955111
1157,1.052784
1158,-0.018962
1159,0.628483
1160,0.729088
1161,0.201572
1162,0.971593
1163,0.084600
1164,0.896225
1165,1.072975
1166,-0.074299
1167,1.141685
1168,0.776458
1169,0.066689
1170,1.157593
1171,0.542471
1172,0.962826
1173,1.038431
1174,0.079187
1175,0.236666
1176,0.703911
1177,-0.126818
1178,0.212518
1179,0.857883
1180,0.582049
1181,0.382816
1182,0.630711
1183,0.184687
1184,-0.078846
1185,0.881821
1186,0.022614
1187,0.066774
1188,1.069956
1189,0.845019
1190,1.086121
1191,0.999055
1192,1.056435
1193,-0.044798
1194,0.485893
1195,0.762225
1196,0.871096
1197,0.173134
1198,0.004969
1199,0.095485
1200,0.989015
1201,0.124206
1202,0.080875
1203,0.502163
1204,0.215085
1205,0.774674
1206,0.916581
1207,0.745838
1208,0.933023
1209,0.477063
1210,0.033181
1211,0.662564
1212,1.093120
1213,-0.082485
1214,0.138840
1215,1.006786
1216,0.725887
1217,0.097892
1218,1.009832
1219,0.776744
1220,0.841629
1221,0.188587
1222,0.130542
1223,-0.109750
1224,0.738391
1225,0.069599
1226,1.075093
1227,1.038887
1228,1.035599
1229,0.560705
1230,0.622810
1231,0.067658
1232,0.853781
1233,0.058498
1234,0.007538
1235,1.096110
1236,0.944320
1237,0.781566
1238,0.113629
1239,0.758135
1240,0.710140
1241,0.155383
1242,0.051775
1243,0.607528
1244,0.908412
1245,0.850614
1246,1.107445
1247,0.542348
1248,0.427857
1249,0.113768
1250,0.669250
1251,0.047163
1252,0.781977
1253,0.155658
1254,0.444058
1255,-0.013124
1256,-0.067970
1257,0.765147
1258,0.132594
1259,0.977886
1260,0.750821
1261,-0.136875
1262,0.574435
1263,1.038416
1264,0.671787
1265,0.270633
1266,1.000258
1267,1.058786
1268,0.913108
1269,0.765241
1270,0.789031
1271,0.082139
1272,0.020747
1273,0.929329
1274,0.757845
1275,1.040249
1276,0.892825
1277,0.711027
1278,0.028303
1279,1.058325
1280,0.472708
1281,0.106533
1282,1.111498
1283,0.724192
1284,0.936626
1285,0.009461
1286,1.000411
1287,1.006006
1288,0.694685
1289,0.837719
1290,1.075609
1291,0.266577
1292,1.102258
1293,0.904971
1294,0.510506
1295,0.797136
1296,1.087447
1297,0.026336
1298,0.269084
1299,1.129508
1300,0.784052
1301,1.141761
1302,1.132476
1303,1.049147
1304,1.055088
1305,0.125661
1306,0.236598
1307,0.893316
1308,1.073116
1309,0.694159
1310,1.075503
1311,0.936853
1312,0.982815
1313,0.079984
1314,0.681636
1315,-0.067230
1316,-0.064571
1317,0.093798
1318,0.610112
1319,0.249274
1320,0.825967
1321,0.010684
1322,0.046273
1323,0.085695
1324,0.575727
1325,0.141124
1326,0.834221
1327,0.868399
1328,0.042557
1329,0.736717
1330,0.807111
1331,0.870935
1332,0.510908
1333,0.998988
1334,0.273016
1335,0.227808
1336,0.790472
1337,0.721267
1338,0.383827
1339,0.651546
1340,1.111023
1341,0.583928
1342,0.113872
1343,0.271030
1344,0.101049
1345,0.681359
1346,0.013595
1347,0.186606
1348,0.185171
1349,0.900872
1350,0.002712
1351,0.833990
1352,0.196510
1353,0.130277
1354,-0.135556
1355,0.129222
1356,0.618466
1357,0.344888
1358,0.051675
1359,0.080842
1360,0.973001
1361,0.027423
1362,0.291471
1363,0.261030
1364,0.656734
1365,-0.073036
1366,0.038255
1367,0.999922
1368,0.271804
1369,0.737701
1370,-0.004224
1371,-0.071340
1372,1.001801
1373,1.086839
1374,0.079943
1375,-0.000884
1376,-0.104269
1377,0.046142
1378,0.162307
1379,0.755429
1380,1.074559
1381,1.077427
1382,0.875495
1383,0.907780
1384,0.371367
1385,0.767188
1386,0.437779
1387,0.265763
1388,0.144166
1389,0.097711
1390,1.096983
1391,0.530972
1392,-0.058336
1393,0.920233
1394,0.966694
1395,0.783152
1396,1.008535
1397,1.129694
1398,0.920449
1399,0.950712
1400,-0.050702
1401,0.739209
1402,0.781434
1403,0.086432
1404,0.020681
1405,0.077804
1406,0.836502
1407,0.886828
1408,0.054056
1409,-0.075006
1410,0.966012
1411,0.901716
1412,0.357695
1413,0.957055
1414,0.956907
1415,1.111073
1416,1.106277
1417,1.060786
1418,-0.078864
1419,0.934377
1420,0.320656
1421,0.001707
1422,0.121997
1423,-0.059188
1424,1.160515
1425,-0.128336
1426,-0.110071
1427,0.001426
1428,0.893018
1429,0.133840
1430,0.080542
1431,0.844960
1432,0.255946
1433,0.098512
1434,0.878963
1435,0.906054
1436,1.110951
1437,1.016926
1438,0.867447
1439,1.075253
1440,0.004317
1441,0.299258
1442,0.038612
1443,0.112110
1444,0.120967
1445,0.293619
1446,0.837459
1447,1.038490
1448,0.918017
1449,0.473263
1450,1.081212
1451,0.188243
1452,0.992574
1453,0.984455
1454,0.056568
1455,-0.059401
1456,0.142432
1457,0.866727
1458,0.915582
1459,1.062314
1460,0.861171
1461,0.326943
1462,0.345530
1463,0.402100
1464,1.027578
1465,0.152861
1466,0.172021
1467,1.070274
1468,0.057172
1469,1.045863
1470,0.119067
1471,-0.079383
1472,1.070169
1473,0.915713
1474,0.047679
1475,0.946990
1476,0.998014
1477,0.056597
1478,0.047632
1479,0.219223
1480,0.199002
1481,1.083551
1482,0.246530
1483,0.113559
1484,1.030756
1485,0.231576
1486,0.785391
1487,0.448667
1488,0.092323
1489,1.107217
1490,1.004246
1491,0.217413
1492,0.931488
1493,0.160038
1494,1.091767
1495,1.008255
1496,-0.113014
1497,0.947196
1498,1.050960
1499,1.107917
1500,0.829468
1501,0.115818
1502,0.535943
1503,0.069248
1504,1.075161
1505,0.007230
1506,0.643497
1507,0.119393
1508,1.137830
1509,0.637648
1510,0.826579
1511,0.077624
1512,1.056987
1513,0.795258
1514,0.185373
1515,0.032834
1516,0.737727
1517,0.958086
1518,0.054735
1519,-0.011628
1520,1.079637
1521,0.858196
1522,0.951537
1523,0.034965
1524,0.775186
1525,1.028270
1526,0.162956
1527,0.343921
1528,1.097545
1529,0.630538
1530,1.021818
1531,0.826566
1532,-0.029971
1533,-0.024838
1534,0.985411
1535,-0.039127
1536,0.894240
1537,1.011624
1538,-0.034268
1539,0.130361
1540,0.956756
1541,0.247786
1542,0.066707
1543,0.175012
1544,1.048768
1545,1.058252
1546,0.885096
1547,1.059982
1548,0.624121
1549,-0.089802
1550,0.023622
1551,-0.088244
1552,-0.087091
1553,0.172019
1554,0.089633
1555,-0.077866
1556,0.802998
1557,0.074842
1558,0.190649
1559,1.029267
1560,0.412069
1561,0.542350
1562,0.928646
1563,0.762595
1564,0.743627
1565,0.869675
1566,-0.095877
1567,0.507992
1568,0.521080
1569,0.404407
1570,0.843571
1571,0.118184
1572,0.746929
1573,0.678916
1574,0.993441
1575,1.132417
1576,0.859597
1577,0.564302
1578,0.023415
1579,0.244238
1580,0.966045
1581,0.057424
1582,0.077525
1583,0.767703
1584,0.965449
1585,0.606682
1586,0.816907
1587,1.001255
1588,0.775547
1589,1.016006
1590,1.076730
1591,0.050863
1592,0.788524
1593,0.777543
1594,-0.037971
1595,-0.095023
1596,0.047436
1597,0.971024
1598,0.966530
1599,-0.021662
1600,0.605051
1601,0.316678
1602,0.728976
1603,0.643908
1604,0.624812
1605,0.091443
1606,1.104388
1607,0.865189
1608,0.837036
1609,0.707237
1610,0.732545
1611,0.728913
1612,0.780220
1613,0.092987
1614,0.887816
1615,1.141061
1616,0.357174
1617,0.360165
1618,0.826287
1619,0.792154
1620,0.981193
1621,0.922978
1622,0.905234
1623,-0.026930
1624,0.156779
1625,-0.078821
1626,-0.007679
1627,0.058517
1628,0.951700
1629,0.770354
1630,0.660373
1631,0.769285
1632,0.119631
1633,0.681601
1634,0.009517
1635,-0.007172
1636,-0.080791
1637,0.022585
1638,0.980439
1639,0.866589
1640,0.296687
1641,0.062316
1642,1.175856
1643,1.049653
1644,1.098148
1645,0.021867
1646,1.051989
1647,0.633935
1648,0.804430
1649,0.965606
1650,0.721742
1651,1.056297
1652,-0.062340
1653,1.036297
1654,0.896440
1655,0.937627
1656,0.396922
1657,0.799729
1658,-0.023094
1659,1.075446
1660,1.013600
1661,0.381428
1662,0.812828
1663,0.700908
1664,-0.017738
1665,0.135191
1666,0.420413
1667,0.517013
1668,0.992943
1669,0.819581
1670,0.267711
1671,1.110370
1672,0.973650
1673,0.365531
1674,0.212054
1675,0.261028
1676,-0.072840
1677,1.014809
1678,0.807704
1679,-0.056677
1680,0.886003
1681,0.688837
1682,0.360368
1683,1.102150
1684,-0.160786
1685,0.410285
1686,-0.074441
1687,0.013883
1688,0.984475
1689,0.891256
1690,0.706986
1691,0.038031
1692,0.261098
1693,0.876225
1694,0.331244
1695,0.463204
1696,1.217328
1697,1.094075
1698,-0.050427
1699,0.907162
1700,-0.081361
1701,0.065475
1702,0.742797
1703,0.628063
1704,-0.045745
1705,0.187531
1706,0.060762
1707,1.069296
1708,0.364678
1709,0.311352
1710,0.149756
1711,0.000180
1712,0.011018
1713,0.589412
1714,-0.040062
1715,0.189544
1716,1.073268
1717,-0.101185
1718,-0.078035
1719,0.095391
1720,0.867395
1721,0.056224
1722,0.901919
1723,1.028980
1724,-0.074909
1725,0.677156
1726,-0.104533
1727,1.034332
1728,0.522433
1729,0.744255
1730,1.030109
1731,-0.012860
1732,0.852174
1733,-0.131437
1734,0.133616
1735,0.920327
1736,0.103381
1737,0.858177
1738,1.060221
1739,0.779997
1740,0.047357
1741,0.191570
1742,-0.126212
1743,-0.058761
1744,1.125396
1745,0.573457
1746,1.103321
1747,0.885706
1748,0.283298
1749,0.241020
1750,0.916332
1751,-0.056070
1752,-0.085950
1753,0.375567
1754,0.986070
1755,0.984039
1756,0.157423
1757,0.888808
1758,0.669575
1759,0.751429
1760,0.553723
1761,0.279686
1762,0.666487
1763,0.762198
1764,0.662635
1765,0.119991
1766,1.078797
1767,0.336123
1768,0.649327
1769,0.525906
1770,0.162943
1771,0.846903
1772,1.033039
1773,1.045195
1774,0.256219
1775,0.003525
1776,0.867854
1777,0.325375
1778,0.977692
1779,-0.073035
1780,-0.131641
1781,1.005958
1782,0.216657
1783,0.263112
1784,0.818440
1785,0.121717
1786,0.808348
1787,0.380928
1788,0.064862
1789,1.005703
1790,0.310575
1791,0.647841
1792,1.001382
1793,0.175401
1794,0.734571
1795,0.636567
1796,0.077178
1797,0.084529
1798,0.035124
1799,0.056715
1800,0.957057
1801,0.005669
1802,0.080300
1803,0.830103
1804,-0.049668
1805,1.031237
1806,0.065909
1807,0.807800
1808,0.862845
1809,0.108072
1810,0.066356
1811,-0.110768
1812,0.103314
1813,1.163167
1814,-0.027411
1815,1.118220
1816,-0.085633
1817,0.948336
1818,0.162523
1819,0.383648
1820,0.624218
1821,0.862159
1822,0.965578
1823,0.899910
1824,0.460054
1825,1.117211
1826,1.014778
1827,0.931658
1828,0.042850
1829,0.126015
1830,0.067304
1831,0.693242
1832,0.989768
1833,0.174759
1834,0.067642
1835,0.886057
1836,0.876196
1837,-0.066094
1838,0.238483
1839,0.918596
1840,0.830490
1841,1.052168
1842,0.365626
1843,0.908678
1844,1.080808
1845,1.034217
1846,1.012707
1847,1.072594
1848,-0.034412
1849,0.818743
1850,0.250532
1851,0.757894
1852,-0.135978
1853,0.942480
1854,1.105837
1855,0.896068
1856,0.344781
1857,0.634528
1858,0.474507
1859,0.078395
1860,0.696026
1861,0.130738
1862,0.151739
1863,-0.057825
1864,-0.022036
1865,0.006600
1866,0.092665
1867,0.955236
1868,0.038824
1869,0.961784
1870,0.592478
1871,0.048435
1872,0.073986
1873,1.007615
1874,-0.069460
1875,1.057462
1876,0.174324
1877,0.011776
1878,0.974901
1879,0.023694
1880,0.391703
1881,0.674944
1882,1.031647
1883,0.111910
1884,1.041619
1885,-0.084343
1886,-0.114202
1887,0.016230
1888,-0.031475
1889,0.847514
1890,0.147865
1891,0.191127
1892,0.680823
1893,0.159712
1894,0.309138
1895,0.098185
1896,0.976529
1897,1.055362
1898,0.071072
1899,0.628871
1900,0.465984
1901,-0.036474
1902,1.090105
1903,0.835052
1904,0.552907
1905,0.747046
1906,-0.001660
1907,0.442345
1908,0.304324
1909,0.158804
1910,0.783707
1911,-0.080855
1912,1.011258
1913,1.024520
1914,0.898597
1915,0.728018
1916,-0.002284
1917,0.156414
1918,0.141389
1919,0.092289
1920,-0.100798
1921,1.096545
1922,-0.020572
1923,0.638112
1924,0.969138
1925,1.055910
1926,0.165021
1927,0.781934
1928,-0.198885
1929,0.785480
1930,-0.066860
1931,0.118588
1932,0.938465
1933,0.215619
1934,0.633210
1935,0.752670
1936,1.030270
1937,0.412914
1938,0.209601
1939,1.110536
1940,0.020064
1941,0.978154
1942,0.983079
1943,0.207796
1944,0.698634
1945,0.106432
1946,0.823932
1947,-0.038681
1948,-0.064638
1949,-0.054147
1950,0.090175
1951,0.144144
1952,0.915768
1953,0.098427
1954,0.944964
1955,1.022289
1956,0.661574
1957,1.080349
1958,0.512945
1959,1.042130
1960,0.214830
1961,0.019329
1962,0.624091
1963,0.838204
1964,1.110384
1965,0.775645
1966,1.060346
1967,0.774244
1968,0.738501
1969,-0.051585
1970,0.098822
1971,0.076123
1972,-0.025875
1973,0.597070
1974,0.052762
1975,1.004759
1976,0.115329
1977,-0.106093
1978,0.077428
1979,-0.021894
1980,0.711136
1981,0.553243
1982,0.505034
1983,0.454032
1984,0.116951
1985,0.950537
1986,0.001963
1987,0.018668
1988,0.045919
1989,0.310703
1990,0.564363
1991,-0.072450
1992,0.032911
1993,0.836662
1994,0.972102
1995,0.657004
1996,-0.135197
1997,0.860797
1998,1.114858
1999,0.518922
2000,0.860403
2001,0.735044
2002,0.025082
2003,0.002332
2004,0.104477
2005,0.593320
2006,0.676788
2007,0.134501
2008,0.227258
2009,1.162228
2010,0.774698
2011,0.720378
2012,0.860263
2013,0.932805
2014,0.378740
2015,0.105792
2016,0.881719
2017,1.027050
2018,0.850373
2019,1.076757
2020,1.147887
2021,1.110847
2022,0.634679
2023,-0.112365
2024,0.034741
2025,0.003648
2026,0.685773
2027,0.846146
2028,0.121469
2029,0.807802
2030,-0.036358
2031,0.560480
2032,0.394564
2033,0.009665
2034,0.098568
2035,1.059861
2036,1.133117
2037,0.457259
2038,0.410261
2039,0.163522
2040,0.592530
2041,0.529096
2042,0.771700
2043,0.208082
2044,1.017976
2045,0.544414
2046,0.911024
2047,0.965564
2048,0.510303
2049,1.081952
2050,-0.061583
2051,0.651677
2052,0.988102
2053,0.862914
2054,0.579991
2055,1.001514
2056,-0.156276
2057,0.034384
2058,0.241791
2059,0.220078
2060,0.603295
2061,0.345765
2062,0.863809
2063,0.520599
2064,0.791366
2065,0.338608
2066,0.836908
2067,0.048233
2068,0.698474
2069,0.273289
2070,1.023259
2071,0.059035
2072,-0.002062
2073,0.423366
2074,0.169173
2075,0.698987
2076,0.269663
2077,0.082728
2078,-0.056049
2079,0.903226
2080,0.464404
2081,0.924265
2082,0.396347
2083,0.580476
2084,1.068814
2085,1.072984
2086,1.093298
2087,0.305607
2088,0.670436
2089,0.048492
2090,-0.082733
2091,0.855163
2092,0.784310
2093,0.394306
2094,0.814089
2095,-0.059209
2096,0.987990
2097,1.031875
2098,0.087841
2099,0.744047
2100,0.554884
2101,-0.053381
2102,0.430226
2103,0.092839
2104,0.163936
2105,1.078504
2106,0.033912
2107,0.847519
2108,0.090051
2109,0.021161
2110,0.917661
2111,0.060847
2112,-0.077377
2113,-0.028006
2114,0.206419
2115,0.210623
2116,0.625930
2117,0.785051
2118,-0.035216
2119,0.819787
2120,0.536217
2121,0.774257
2122,0.540730
2123,0.377325
2124,0.726951
2125,0.112594
2126,1.081706
2127,0.529674
2128,0.025563
2129,0.674051
2130,-1.048505
2131,0.229625
2132,0.489892
2133,-0.050784
2134,0.744960
2135,1.061570
2136,0.532024
2137,-0.043745
2138,0.204517
2139,-0.018159
2140,0.832042
2141,0.121085
2142,-0.062198
2143,1.055135
2144,1.029605
2145,0.178358
2146,0.112718
2147,0.023655
2148,0.069597
2149,1.031854
2150,0.565532
2151,0.794969
2152,1.052875
2153,0.132557
2154,0.813044
2155,1.085595
2156,0.052073
2157,1.135497
2158,0.830355
2159,-0.053867
2160,1.022581
2161,0.042379
2162,0.885730
2163,0.975829
2164,-0.092569
2165,0.062522
2166,0.068589
2167,0.023181
2168,0.973011
2169,1.033676
2170,0.340469
2171,0.126096
2172,0.780757
2173,0.009254
2174,0.108412
2175,1.107020
2176,0.880206
2177,0.951877
2178,0.136767
2179,0.027683
2180,1.006828
2181,0.709267
2182,0.911728
2183,0.304161
2184,0.875003
2185,0.752481
2186,0.025595
2187,0.888291
2188,0.458514
2189,1.050951
2190,-0.102163
2191,1.066749
2192,1.050990
2193,0.008146
2194,0.116469
2195,0.015561
2196,0.052130
2197,1.059358
2198,0.864726
2199,1.049150
2200,0.988256
2201,0.985924
2202,-0.107766
2203,0.058949
2204,1.003826
2205,0.502978
2206,0.349367
2207,-0.143700
2208,0.095437
2209,0.102292
2210,1.017645
2211,1.080969
2212,1.097868
2213,0.382359
2214,1.001307
2215,0.253931
2216,0.934938
2217,0.300312
2218,1.152064
2219,0.105563
2220,0.085757
2221,1.046005
2222,0.124067
2223,-0.092997
2224,1.101642
2225,0.835506
2226,0.530242
2227,0.647868
2228,-0.123601
2229,0.673597
2230,0.445974
2231,-0.081483
2232,0.095338
2233,0.082611
2234,0.981311
2235,-0.063467
2236,0.603935
2237,0.973550
2238,0.028847
2239,-0.034663
2240,-0.087947
2241,1.041432
2242,0.194023
2243,1.122425
2244,1.059989
2245,0.173508
2246,-0.062365
2247,0.314980
2248,0.848213
2249,0.451790
2250,0.034552
2251,0.669907
2252,0.981967
2253,0.081776
2254,0.243775
2255,0.551259
2256,0.179745
2257,0.220772
2258,0.135489
2259,0.186768
2260,0.139762
2261,1.037318
2262,0.726384
2263,0.911271
2264,0.118950
2265,0.531418
2266,0.034291
2267,0.534422
2268,0.779414
2269,-0.046364
2270,0.035622
2271,0.937497
2272,1.061994
2273,0.855393
2274,-0.111076
2275,0.092880
2276,1.061519
2277,0.090481
2278,-0.092214
2279,0.763257
2280,1.005914
2281,0.935003
2282,0.509189
2283,1.070068
2284,0.039537
2285,1.069081
2286,0.871288
2287,0.842447
2288,0.023618
2289,0.680191
2290,0.908361
2291,0.200680
2292,0.534093
2293,1.019816
2294,0.791408
2295,1.044959
2296,0.231637
2297,-0.084892
2298,-0.244238
2299,0.815268
2300,0.053437
2301,0.056297
2302,0.457563
2303,1.101865
2304,0.052578
2305,0.704986
2306,0.018872
2307,1.022427
2308,0.153091
2309,0.196399
2310,0.864344
2311,0.653308
2312,0.954967
2313,0.010396
2314,1.006001
2315,0.474898
2316,-0.002964
2317,0.071775
2318,0.779527
2319,0.771810
2320,0.958990
2321,0.695857
2322,-0.008852
2323,-0.051547
2324,0.112730
2325,0.773901
2326,0.171871
2327,-0.004536
2328,0.115099
2329,0.907797
2330,0.019831
2331,0.819526
2332,0.685978
2333,0.221732
2334,1.048413
2335,0.866431
2336,1.082693
2337,0.172578
2338,0.532182
2339,-0.043800
2340,1.148879
2341,0.832131
2342,0.419747
2343,-0.030459
2344,0.349352
2345,0.734619
2346,1.004394
2347,-0.030618
2348,0.695832
2349,0.094677
2350,0.907139
2351,1.035811
2352,0.918524
2353,0.090834
2354,1.038935
2355,0.997350
2356,0.742210
2357,0.578147
2358,0.640121
2359,1.107388
2360,0.675387
2361,0.667210
2362,0.613670
2363,0.871762
2364,0.700688
2365,0.985828
2366,0.896026
2367,1.130540
2368,0.185188
2369,0.973228
2370,0.091207
2371,0.125806
2372,0.652974
2373,0.107202
2374,0.723966
2375,0.185968
2376,0.063644
2377,0.118203
2378,0.268523
2379,0.939306
2380,0.003310
2381,-0.020400
2382,0.738169
2383,0.056119
2384,0.501309
2385,0.188604
2386,0.573187
2387,0.904022
2388,0.082024
2389,0.963364
2390,0.763899
2391,0.367346
2392,0.984822
2393,1.131951
2394,0.964200
2395,0.137824
2396,0.937301
2397,0.148621
2398,0.242429
2399,1.081799
2400,-0.080767
2401,1.110170
2402,0.060381
2403,0.234042
2404,0.191266
2405,1.104574
2406,0.454715
2407,1.001248
2408,0.276685
2409,0.525105
2410,-0.005914
2411,1.008252
2412,-0.187010
2413,0.249378
2414,-0.059312
2415,0.887343
2416,-0.046488
2417,1.111441
2418,0.650050
2419,0.031730
2420,0.143925
2421,0.120174
2422,0.129487
2423,1.010040
2424,0.685047
2425,0.927722
2426,0.989669
2427,0.939770
2428,0.695065
2429,1.042882
2430,-0.010206
2431,0.189056
2432,0.982753
2433,-0.065822
2434,0.857981
2435,-0.056488
2436,0.099226
2437,1.062282
2438,-0.041512
2439,0.384219
2440,0.810598
2441,0.401813
2442,0.742292
2443,0.123176
2444,-0.029616
2445,1.135568
2446,0.945669
2447,1.131499
2448,0.917558
2449,0.974904
2450,0.752862
2451,0.647679
2452,0.081762
2453,0.658433
2454,0.803899
2455,0.483850
2456,0.525839
2457,0.164331
2458,0.033283
2459,1.029810
2460,-0.001658
2461,-0.007415
2462,0.080115
2463,0.349007
2464,1.017085
2465,0.375211
2466,-0.145949
2467,0.070024
2468,0.844243
2469,0.157536
2470,0.836224
2471,0.961678
2472,0.729054
2473,1.089180
2474,0.797469
2475,0.699712
2476,-0.085614
2477,0.065036
2478,-0.037668
2479,0.092289
2480,1.008313
2481,0.115954
2482,-0.010912
2483,-0.010922
2484,0.725977
2485,-0.005721
2486,0.677782
2487,0.099862
2488,0.949058
2489,0.806574
2490,0.053726
2491,-0.095964
2492,0.611666
2493,0.937070
2494,0.169605
2495,0.733293
2496,1.153385
2497,0.710976
2498,-0.126310
2499,1.058097
2500,0.946783
2501,0.603725
2502,0.085708
2503,0.996992
2504,0.192876
2505,0.133495
2506,0.048653
2507,0.037074
2508,0.233938
2509,0.358270
2510,0.186268
2511,1.039138
2512,1.046396
2513,-0.009733
2514,0.089579
2515,0.909571
2516,0.675050
2517,0.806014
2518,0.056659
2519,0.854760
2520,0.121042
2521,0.018600
2522,0.022106
2523,0.808463
2524,1.074086
2525,0.103996
2526,0.034875
2527,0.068883
2528,0.810242
2529,0.112948
2530,-0.014609
2531,0.923339
2532,0.002608
2533,0.085675
2534,-0.085796
2535,0.044055
2536,0.975163
2537,-0.087895
2538,0.660928
2539,0.569876
2540,-0.025926
2541,0.936408
2542,1.012672
2543,0.850377
2544,0.911283
2545,0.356951
2546,0.051811
2547,-0.043402
2548,0.088684
2549,0.229288
2550,0.146211
2551,-0.018269
2552,0.060271
2553,0.992281
2554,0.786354
2555,0.477139
2556,1.006589
2557,-0.114043
2558,0.004464
2559,0.001058
2560,0.346904
2561,0.823759
2562,0.281157
2563,0.625562
2564,1.142273
2565,0.512550
2566,0.746677
2567,0.213995
2568,0.422140
2569,1.123561
2570,-0.099541
2571,1.060584
2572,0.423783
2573,0.917047
2574,1.028440
2575,-0.021820
2576,-0.010397
2577,1.014880
2578,1.134933
2579,0.254836
2580,0.882903
2581,0.609003
2582,0.318367
2583,0.363603
2584,0.864021
2585,0.008909
2586,0.097621
2587,0.088015
2588,0.358029
2589,1.146994
2590,-0.025101
2591,1.042087
2592,0.842819
2593,0.670806
2594,0.044768
2595,0.623129
2596,0.787921
2597,0.549968
2598,1.042074
2599,0.055525
2600,1.066128
2601,0.092289
2602,-0.002539
2603,0.053954
2604,0.703605
2605,-0.059748
2606,0.092289
2607,1.103426
2608,0.308889
2609,0.029840
2610,-0.019686
2611,0.087356
2612,0.785997
2613,0.105930
2614,1.110298
2615,1.040696
2616,0.299690
2617,0.779006
2618,0.708674
2619,0.896355
2620,0.711370
2621,-0.052869
2622,0.193738
2623,1.070854
2624,1.048540
2625,0.045648
2626,1.147986
2627,0.234137
2628,1.108232
2629,0.478031
2630,0.014368
2631,-0.084518
2632,0.405195
2633,0.232169
2634,0.174750
2635,-0.023043
2636,0.962544
2637,-0.211896
2638,0.903242
2639,0.020177
2640,0.918758
2641,0.197833
2642,-0.096633
2643,0.379196
2644,0.063579
2645,0.076411
2646,0.135304
2647,0.288501
2648,-0.039932
2649,0.076863
2650,0.931249
2651,0.919912
2652,0.002707
2653,0.569387
2654,0.097331
2655,0.558121
2656,0.983684
2657,0.012926
2658,-0.012150
2659,0.036370
2660,1.161980
2661,0.699247
2662,0.051314
2663,0.679547
2664,0.855371
2665,0.102587
2666,0.829224
2667,0.119358
2668,0.567562
2669,0.438649
2670,0.018568
2671,0.381058
2672,0.153498
2673,1.012263
2674,0.098878
2675,0.462631
2676,1.077745
2677,0.760099
2678,0.036171
2679,0.080224
2680,0.954006
2681,1.120896
2682,-0.015046
2683,0.167966
2684,0.693533
2685,1.114536
2686,0.366265
2687,0.109462
2688,0.313459
2689,0.828847
2690,0.142088
2691,1.129019
2692,0.675729
2693,0.129591
2694,0.051098
2695,0.905828
2696,0.670780
2697,0.031154
2698,0.112219
2699,0.652219
2700,-0.008928
2701,-0.056398
2702,-0.138403
2703,0.262099
2704,0.988936
2705,0.011741
2706,-0.036314
2707,1.134298
2708,0.684498
2709,0.133840
2710,1.076028
2711,0.100572
2712,0.120963
2713,1.049051
2714,1.002072
2715,1.111763
2716,0.115431
2717,0.082991
2718,1.132717
2719,-0.083852
2720,0.936407
2721,0.768762
2722,0.181542
2723,1.029416
2724,0.093965
2725,0.254252
2726,0.990607
2727,-0.082955
2728,0.858112
2729,1.028354
2730,0.108444
2731,0.471740
2732,0.660484
2733,0.028576
2734,1.104708
2735,0.856719
2736,0.151002
2737,-0.076044
2738,0.458738
2739,0.447404
2740,-0.040377
2741,0.099485
2742,0.033813
2743,0.014798
2744,0.884435
2745,0.915940
2746,0.355766
2747,1.082169
2748,-0.037573
2749,0.190513
2750,-0.016148
2751,0.693411
2752,0.083171
2753,0.827832
2754,0.444264
2755,-0.020017
2756,0.583878
2757,0.340692
2758,-0.165072
2759,1.021249
2760,0.773047
2761,0.209322
2762,0.383224
2763,1.140202
2764,0.917734
2765,0.123086
2766,0.777449
2767,0.846291
2768,0.104588
2769,0.981346
2770,-0.213416
2771,0.275453
2772,0.502591
2773,0.844049
2774,-0.040384
2775,0.823889
2776,0.929435
2777,0.818813
2778,0.987468
2779,0.071466
2780,0.836322
2781,-0.186017
2782,0.988112
2783,0.065321
2784,0.992341
2785,0.087536
2786,0.090235
2787,-0.054631
2788,0.145161
2789,0.027010
2790,0.062844
2791,0.109320
2792,1.106592
2793,0.026614
2794,0.282680
2795,1.016371
2796,-0.084529
2797,0.079092
2798,1.025158
2799,0.121456
2800,0.865120
2801,0.925170
2802,1.074644
2803,0.952392
2804,-0.002288
2805,0.036163
2806,0.018559
2807,0.921038
2808,0.050245
2809,1.072494
2810,1.077713
2811,0.475429
2812,0.951153
2813,0.927567
2814,1.142897
2815,0.560986
2816,0.131532
2817,0.970022
2818,0.098887
2819,0.806071
2820,0.116843
2821,0.962841
2822,0.928004
2823,0.088407
2824,0.633113
2825,0.801297
2826,1.058892
2827,0.021816
2828,1.099224
2829,0.043347
2830,0.912821
2831,0.113701
2832,0.997142
2833,-0.032331
2834,0.758320
2835,0.285536
2836,0.786187
2837,-0.023764
2838,0.103185
2839,1.033928
2840,0.108644
2841,1.077305
2842,0.605253
2843,0.019002
2844,0.814293
2845,0.062353
2846,0.152681
2847,0.398095
2848,0.080153
2849,0.779383
2850,0.930293
2851,0.792752
2852,0.983750
2853,0.521003
2854,1.122310
2855,0.047874
2856,0.108023
2857,0.869129
2858,0.012252
2859,0.292364
2860,-0.032206
2861,0.674537
2862,0.524965
2863,0.034889
2864,0.807015
2865,-0.128151
2866,1.070118
2867,0.044076
2868,0.065360
2869,0.127419
2870,0.065855
2871,-0.004466
2872,1.049334
2873,0.118576
2874,0.248632
2875,0.861961
2876,0.764363
2877,0.997660
2878,0.255333
2879,1.061800
2880,0.049955
2881,0.566792
2882,0.821792
2883,0.023810
2884,-0.014921
2885,0.817606
2886,0.123577
2887,0.457721
2888,1.078574
2889,0.962046
2890,1.079079
2891,-0.006859
2892,0.067033
2893,0.803809
2894,-0.029435
2895,0.307662
2896,0.927951
2897,0.341084
2898,0.191081
2899,0.064419
2900,0.913252
2901,0.823794
2902,-0.075751
2903,-0.111219
2904,-0.006349
2905,0.575775
2906,0.800321
2907,0.779775
2908,-0.007262
2909,0.040425
2910,0.650829
2911,0.546153
2912,0.000424
2913,0.947090
2914,0.962153
2915,0.694168
2916,1.109037
2917,0.087417
2918,0.458127
2919,1.087365
2920,-0.008661
2921,0.059498
2922,0.029120
2923,0.767396
2924,0.211432
2925,0.081968
2926,0.881632
2927,0.298301
2928,-0.075471
2929,1.040681
2930,1.056017
2931,0.290177
2932,0.688962
2933,0.012396
2934,1.085250
2935,0.106478
2936,0.049561
2937,0.148482
2938,0.077816
2939,0.750082
2940,0.101168
2941,0.599999
2942,0.049856
2943,0.098456
2944,0.358928
2945,1.041196
2946,0.138304
2947,0.944884
2948,0.810729
2949,1.086613
2950,0.092870
2951,0.253610
2952,0.257672
2953,0.145148
2954,-0.002154
2955,0.153252
2956,0.062608
2957,0.927042
2958,0.848944
2959,0.882807
2960,1.170366
2961,0.082409
2962,0.974875
2963,0.712478
2964,0.095694
2965,1.082045
2966,0.315425
2967,0.444557
2968,0.938888
2969,0.096752
2970,0.005224
2971,-0.107281
2972,0.919220
2973,0.087118
2974,0.476656
2975,0.056438
2976,0.074588
2977,0.109504
2978,0.007450
2979,-0.027757
2980,0.908457
2981,-0.048485
2982,-0.051705
2983,0.742437
2984,0.057969
2985,0.439526
2986,0.598626
2987,-0.025669
2988,-0.041099
2989,-0.013035
2990,1.031945
2991,0.163533
2992,0.074694
2993,0.045667
2994,1.038620
2995,-0.012893
2996,0.087818
2997,-0.079614
2998,0.073031
2999,0.092289
3000,0.101111
3001,0.095615
3002,0.069935
3003,0.694723
3004,-0.163963
3005,0.651021
3006,0.363224
3007,0.092289
3008,0.027486
3009,0.162323
3010,0.076037
3011,-0.073243
3012,0.557136
3013,0.012844
3014,0.563719
3015,0.093640
3016,0.083455
3017,0.730230
3018,0.825169
3019,0.295712
3020,0.186172
3021,1.129515
3022,0.117338
3023,0.064572
3024,0.126920
3025,-0.080815
3026,0.145865
3027,-0.029469
3028,0.057864
3029,0.100461
3030,-0.066015
3031,0.980652
3032,0.092632
3033,0.092460
3034,0.702752
3035,0.792738
3036,1.081054
3037,1.011682
3038,1.033457
3039,-0.066105
3040,0.121400
3041,0.602641
3042,1.031077
3043,0.048509
3044,0.254669
3045,-0.064057
3046,1.106000
3047,0.298368
3048,0.065284
3049,0.806792
3050,0.779121
3051,0.890151
3052,-0.060117
3053,0.053680
3054,0.052799
3055,0.654066
3056,0.026974
3057,-0.071893
3058,0.134469
3059,0.978902
3060,0.725991
3061,0.968611
3062,0.058398
3063,0.515430
3064,0.732606
3065,1.073676
3066,0.536766
3067,0.385011
3068,0.944937
3069,0.038738
3070,0.661996
3071,1.118396
3072,0.148228
3073,1.031976
3074,-0.026918
3075,0.121026
3076,0.148760
3077,0.067372
3078,0.956766
3079,-0.118476
3080,0.727919
3081,0.283480
3082,0.825816
3083,0.471967
3084,0.919256
3085,1.103488
3086,0.971645
3087,0.998222
3088,0.547130
3089,-0.079568
3090,-0.044196
3091,0.986221
3092,0.952504
3093,0.896770
3094,-0.014399
3095,0.041766
3096,-0.141242
3097,0.210992
3098,0.070351
3099,0.994734
3100,0.089165
3101,1.001117
3102,0.601459
3103,0.178224
3104,-0.078197
3105,0.794417
3106,1.114775
3107,0.790910
3108,0.752126
3109,0.129709
3110,1.139329
3111,0.921870
3112,0.095808
3113,0.800505
3114,0.886115
3115,0.560143
3116,1.024504
3117,-0.011995
3118,0.764795
3119,0.758277
3120,0.116397
3121,-0.009113
3122,-0.071251
3123,0.901531
3124,1.020163
3125,1.087552
3126,0.154881
3127,0.024608
3128,0.159843
3129,-0.046554
3130,0.666488
3131,0.385805
3132,0.523103
3133,-0.043842
3134,-0.047293
3135,0.105586
3136,0.469757
3137,0.303836
3138,0.181556
3139,0.079970
3140,0.171438
3141,0.163277
3142,0.492203
3143,0.987272
3144,0.953040
3145,-0.033239
3146,-0.035003
3147,-0.041354
3148,0.004038
3149,0.985932
3150,0.144662
3151,0.659486
3152,0.027551
3153,0.009141
3154,0.886922
3155,-0.107982
3156,0.170374
3157,0.016166
3158,0.042184
3159,0.219786
3160,0.110487
3161,0.352083
3162,-0.000784
3163,-0.018228
3164,0.268605
3165,0.897184
3166,0.157621
3167,0.160059
3168,0.584587
3169,-0.026044
3170,-0.024210
3171,0.311513
3172,1.037872
3173,0.048366
3174,0.157101
3175,0.194843
3176,0.716285
3177,0.173685
3178,0.373461
3179,0.021630
3180,1.055625
3181,0.116846
3182,0.376685
3183,0.033392
3184,0.143577
3185,0.014098
3186,0.017218
3187,0.884128
3188,0.093990
3189,0.013344
3190,0.803962
3191,0.057173
3192,0.851378
3193,0.162054
3194,0.576584
3195,1.046690
3196,0.354766
3197,0.526412
3198,-0.066642
3199,0.044084
3200,0.091319
3201,-0.009705
3202,0.614827
3203,1.133078
3204,0.135171
3205,0.077850
3206,0.934054
3207,0.787409
3208,0.106059
3209,0.431375
3210,1.111504
3211,0.541516
3212,-0.018494
3213,0.635042
3214,0.664595
3215,0.206224
3216,0.156101
3217,0.263699
3218,0.609779
3219,1.112824
3220,1.023364
3221,-0.156986
3222,0.121756
3223,0.135356
3224,0.871054
3225,0.512794
3226,1.024939
3227,0.103757
3228,0.893432
3229,0.303710
3230,0.087870
3231,0.983038
3232,1.068440
3233,-0.019055
3234,-0.019670
3235,0.049527
3236,0.162639
3237,0.207549
3238,0.274481
3239,0.554856
3240,1.084010
3241,0.044565
3242,0.858265
3243,0.860340
3244,0.030985
3245,0.636240
3246,0.022714
3247,0.162976
3248,0.880049
3249,0.421517
3250,0.003258
3251,1.033872
3252,0.033653
3253,-0.026240
3254,1.044650
3255,1.115193
3256,0.060828
3257,0.051498
3258,0.414793
3259,1.072839
3260,0.545524
3261,0.188521
3262,0.115973
3263,0.729273
3264,0.910620
3265,0.482186
3266,1.084162
3267,0.084100
3268,0.605908
3269,0.674293
3270,0.572627
3271,0.166459
3272,0.155215
3273,-0.016487
3274,0.610614
3275,-0.017552
3276,0.600648
3277,0.017223
3278,0.125332
3279,0.053974
3280,0.058106
3281,0.951876
3282,0.608483
3283,0.748306
3284,-0.021644
3285,0.919380
3286,0.680768
3287,0.776741
3288,-0.016624
3289,-0.021935
3290,1.049054
3291,0.979072
3292,0.064614
3293,0.196982
3294,0.754505
3295,0.165342
3296,0.932540
3297,0.081871
3298,0.730772
3299,0.211314
3300,0.143795
3301,0.883259
3302,0.849270
3303,0.631490
3304,0.124673
3305,0.992645
3306,1.093592
3307,0.766777
3308,1.090044
3309,1.091662
3310,0.115658
3311,0.105493
3312,-0.068579
3313,0.130322
3314,0.095102
3315,0.929719
3316,0.800682
3317,0.196666
3318,0.065934
3319,-0.022696
3320,0.029628
3321,0.726812
3322,0.144599
3323,-0.101580
3324,0.081839
3325,-0.017768
3326,0.928685
3327,1.031937
3328,0.091857
3329,0.092289
3330,0.022126
3331,1.005578
3332,0.073328
3333,0.056625
3334,0.920501
3335,0.255481
3336,1.095180
3337,0.785029
3338,0.663219
3339,0.125914
3340,0.820686
3341,0.576016
3342,0.479426
3343,0.875628
3344,0.057142
3345,0.248938
3346,0.878480
3347,0.682574
3348,0.918235
3349,0.720782
3350,1.060293
3351,-0.018153
3352,0.077544
3353,0.076733
3354,0.960126
3355,0.096629
3356,0.068989
3357,0.064872
3358,0.110936
3359,0.139884
3360,0.813164
3361,0.012720
3362,0.159479
3363,-0.076407
3364,0.013470
3365,1.141246
3366,0.312686
3367,0.787576
3368,0.994484
3369,1.130196
3370,0.755416
3371,0.345678
3372,0.056112
3373,0.879610
3374,0.762145
3375,0.517232
3376,0.126169
3377,0.236743
3378,-0.048815
3379,0.513937
3380,-0.001077
3381,0.868778
3382,0.356171
3383,0.791323
3384,0.887318
3385,0.975471
3386,-0.080846
3387,0.042733
3388,0.623114
3389,0.754018
3390,0.041185
3391,0.757099
3392,0.480884
3393,0.764211
3394,0.986951
3395,1.033745
3396,0.068378
3397,1.016879
3398,0.275872
3399,1.027691
3400,1.065102
3401,1.050353
3402,0.901142
3403,0.765788
3404,0.264482
3405,0.952554
3406,0.108845
3407,0.437290
3408,0.914142
3409,0.093831
3410,-0.053080
3411,0.881033
3412,1.046199
3413,0.911118
3414,0.104306
3415,0.873048
3416,0.465414
3417,0.356672
3418,0.588681
3419,0.186433
3420,0.912309
3421,0.231173
3422,0.035796
3423,1.023147
3424,-0.089745
3425,0.296098
3426,0.362330
3427,-0.064386
3428,-0.045206
3429,0.069676
3430,-0.027007
3431,0.390998
3432,0.097968
3433,0.092289
3434,-0.094186
3435,1.122328
3436,0.088690
3437,0.076366
3438,0.110479
3439,0.044811
3440,0.529179
3441,0.053627
3442,0.128699
3443,0.077343
3444,0.148612
3445,0.023630
3446,0.155433
3447,-0.067750
3448,0.020360
3449,0.092289
3450,1.074388
3451,1.102996
3452,0.420483
3453,1.046358
3454,0.123650
3455,0.440418
3456,0.255499
3457,1.067963
3458,1.003688
3459,0.436159
3460,0.071654
3461,1.053894
3462,0.092289
3463,0.391576
3464,0.433557
3465,0.250703
3466,1.101625
3467,0.046825
3468,0.979342
3469,0.877183
3470,0.088150
3471,0.086487
3472,0.148103
3473,0.112952
3474,0.066610
3475,0.037623
3476,1.059564
3477,0.992229
3478,0.043234
3479,1.103092
3480,1.080495
3481,0.009888
3482,1.050293
3483,0.044140
3484,0.043644
3485,0.035026
3486,0.252364
3487,0.097126
3488,0.778564
3489,0.747345
3490,-0.165162
3491,0.017357
3492,0.009455
3493,0.862969
3494,0.012209
3495,0.814985
3496,0.480166
3497,0.515490
3498,0.091593
3499,0.043800
3500,0.090750
3501,0.734733
3502,0.003203
3503,0.843607
3504,0.756015
3505,0.705317
3506,0.900766
3507,0.161804
3508,-0.080473
3509,0.841071
3510,0.736577
3511,0.086638
3512,0.019589
3513,0.093493
3514,0.048442
3515,0.136399
3516,0.579452
3517,0.539080
3518,0.146355
3519,0.141132
3520,0.193733
3521,0.113498
3522,0.032502
3523,0.312692
3524,0.175239
3525,0.915472
3526,0.805660
3527,0.080612
3528,0.351076
3529,0.042067
3530,0.224890
3531,0.011206
3532,0.111848
3533,-0.055628
3534,-0.000044
3535,0.838539
3536,0.065916
3537,0.036993
3538,0.073527
3539,0.669432
3540,0.042320
3541,0.121207
3542,0.072865
3543,0.046586
3544,-0.095134
3545,0.099091
3546,0.383626
3547,0.012758
3548,-0.110902
3549,0.631843
3550,0.847138
3551,0.254120
3552,0.867376
3553,0.142087
3554,-0.074670
3555,0.101412
3556,1.041472
3557,0.167284
3558,0.939321
3559,0.445609
3560,0.971500
3561,1.006303
3562,0.146546
3563,0.439327
3564,0.862196
3565,0.923476
3566,0.987586
3567,1.162743
3568,0.063790
3569,0.922924
3570,0.108465
3571,0.073945
3572,0.734703
3573,0.708828
3574,0.802384
3575,0.642443
3576,-0.074776
3577,0.033204
3578,1.173275
3579,0.594780
3580,0.937712
3581,1.094400
3582,1.055358
3583,0.684890
3584,0.099636
3585,0.006439
3586,0.670273
3587,0.998922
3588,1.066795
3589,0.124717
3590,0.917079
3591,0.108388
3592,0.256493
3593,0.156121
3594,0.709155
3595,0.550620
3596,1.116059
3597,0.395842
3598,0.071336
3599,0.091977
3600,0.091207
3601,1.142680
3602,0.054839
3603,1.031992
3604,0.271603
3605,0.213966
3606,0.095779
3607,0.262165
3608,0.197886
3609,0.087865
3610,0.039071
3611,0.594606
3612,0.819898
3613,1.087282
3614,0.960992
3615,0.040740
3616,0.022950
3617,0.929508
3618,0.235504
3619,0.259252
3620,0.131774
3621,-0.020292
3622,0.744055
3623,0.061802
3624,0.169990
3625,0.160595
3626,0.075200
3627,0.017254
3628,1.108089
3629,0.007992
3630,1.091405
3631,0.776553
3632,1.006135
3633,0.120371
3634,0.229246
3635,0.930685
3636,0.077287
3637,1.037375
3638,0.088283
3639,0.081265
3640,0.954747
3641,0.770706
3642,1.021228
3643,0.193772
3644,0.469578
3645,0.151310
3646,0.059668
3647,0.094373
3648,0.372211
3649,0.080147
3650,1.104568
3651,0.182543
3652,0.771141
3653,0.442887
3654,0.085765
3655,-0.025958
3656,1.097030
3657,0.260868
3658,0.070707
3659,0.596465
3660,0.039395
3661,0.199014
3662,1.002073
3663,0.093702
3664,0.676085
3665,0.060214
3666,1.079561
3667,0.092764
3668,0.019622
3669,0.096737
3670,0.492037
3671,0.112190
3672,0.510436
3673,1.165280
3674,0.098692
3675,0.092289
3676,-0.043012
3677,1.019201
3678,0.474381
3679,0.106375
3680,0.150364
3681,0.160698
3682,0.956436
3683,0.105111
3684,0.062412
3685,0.083826
3686,0.111380
3687,0.450130
3688,0.207567
3689,-0.060796
3690,1.044015
3691,0.289917
3692,0.536831
3693,-0.096954
3694,-0.065980
3695,0.097276
3696,0.092289
3697,1.081589
3698,0.115322
3699,0.101353
3700,0.423676
3701,-0.020688
3702,0.092289
3703,1.028030
3704,0.248391
3705,0.284262
3706,0.070829
3707,0.174432
3708,0.016439
3709,0.092289
3710,0.093333
3711,1.109011
3712,0.515382
3713,0.108602
3714,0.093885
3715,0.077182
3716,0.088487
3717,0.890222
3718,0.078752
3719,-0.029211
3720,0.638427
3721,0.089693
3722,0.342579
3723,0.078493
3724,0.859907
3725,0.019878
3726,0.707012
3727,0.043218
3728,0.944536
3729,1.074099
3730,0.041048
3731,0.051326
3732,-0.035688
3733,-0.087894
3734,1.019574
3735,0.182378
3736,0.164318
3737,1.026856
3738,0.210419
3739,0.882588
3740,0.072039
3741,0.031125
3742,0.073904
3743,-0.070889
3744,0.900843
3745,0.902591
3746,0.083122
3747,0.044729
3748,0.092412
3749,0.086488
3750,0.033519
3751,0.050677
3752,0.773615
3753,0.092289
3754,-0.142368
3755,0.779612
3756,0.844572
3757,0.067470
3758,0.030055
3759,0.490675
3760,0.282238
3761,0.953187
3762,0.489587
3763,0.883899
3764,0.128412
3765,1.044463
3766,1.069007
3767,0.066741
3768,0.885138
3769,0.021857
3770,0.516204
3771,0.092289
3772,-0.051858
3773,0.246700
3774,0.228982
3775,1.057381
3776,0.925652
3777,0.449644
3778,0.885096
3779,0.773125
3780,0.688157
3781,-0.104939
3782,0.105959
3783,0.081490
3784,-0.071337
3785,0.108056
3786,0.379405
3787,-0.173187
3788,1.071646
3789,0.079155
3790,-0.089906
3791,0.369194
3792,0.214837
3793,0.298773
3794,-0.087873
3795,0.080463
3796,0.113034
3797,0.867661
3798,0.101987
3799,0.187481
3800,0.383987
3801,0.322801
3802,0.877870
3803,0.817477
3804,0.658578
3805,0.885131
3806,-0.126729
3807,0.110921
3808,0.008734
3809,0.121623
3810,-0.081712
3811,0.034253
3812,-0.083246
3813,0.440062
3814,0.104983
3815,0.091125
3816,0.151576
3817,0.426044
3818,0.105315
3819,0.052007
3820,0.556892
3821,0.901185
3822,0.138847
3823,1.085069
3824,0.905835
3825,-0.199196
3826,0.938466
3827,0.400258
3828,0.088110
3829,0.090987
3830,-0.127128
3831,1.193644
3832,0.071255
3833,0.001106
3834,1.130732
3835,0.082602
3836,-0.061171
3837,0.215868
3838,0.724546
3839,0.140812
3840,0.517020
3841,0.169838
3842,0.102852
3843,0.078000
3844,1.085504
3845,0.363910
3846,0.219113
3847,0.050019
3848,0.096454
3849,0.818149
3850,0.235446
3851,0.698430
3852,0.557046
3853,0.065498
3854,0.064637
3855,0.133743
3856,0.118700
3857,0.067227
3858,0.293311
3859,0.660505
3860,0.846183
3861,1.100170
3862,1.029631
3863,0.127564
3864,0.954129
3865,0.706059
3866,0.016021
3867,0.760806
3868,0.217337
3869,0.956615
3870,0.098539
3871,0.182855
